{"cameraMode":{"drawMode":0,"name":"Shaded","section":"Shading Mode"},"sceneLighting":true,"audioPlay":false,"sceneViewState":{"showFog":true,"showMaterialUpdate":true,"showSkybox":true,"showFlares":true,"showImageEffects":true,"showParticleSystems":true},"in2DMode":false,"pivot":{"x":-10.039629936218262,"y":1.572277545928955,"z":2.698552131652832},"rotation":{"x":0.0027899020351469518,"y":-0.992007851600647,"z":0.12414856255054474,"w":0.022354861721396447},"size":10.743969917297364,"orthographic":false}