{"cameraMode":{"drawMode":0,"name":"Shaded","section":"Shading Mode"},"sceneLighting":false,"audioPlay":false,"sceneViewState":{"showFog":true,"showMaterialUpdate":true,"showSkybox":false,"showFlares":true,"showImageEffects":true,"showParticleSystems":true},"in2DMode":false,"pivot":{"x":0.0,"y":0.5940166711807251,"z":0.27567705512046816},"rotation":{"x":-0.05359961837530136,"y":-0.9459426999092102,"z":0.21053838729858399,"w":-0.24081741273403169},"size":4.306188583374023,"orthographic":false}