{"cameraMode":{"drawMode":0,"name":"Shaded","section":"Shading Mode"},"sceneLighting":true,"audioPlay":false,"sceneViewState":{"showFog":true,"showMaterialUpdate":true,"showSkybox":false,"showFlares":true,"showImageEffects":true,"showParticleSystems":true},"in2DMode":false,"pivot":{"x":-6.517021179199219,"y":3.4019153118133547,"z":1.6011213064193726},"rotation":{"x":-0.1521342545747757,"y":-0.7167786359786987,"z":0.16518542170524598,"w":-0.6601495146751404},"size":1.2985303401947022,"orthographic":false}