{"cameraMode":{"drawMode":0,"name":"Shaded","section":"Shading Mode"},"sceneLighting":false,"audioPlay":false,"sceneViewState":{"showFog":true,"showMaterialUpdate":true,"showSkybox":false,"showFlares":true,"showImageEffects":true,"showParticleSystems":true},"in2DMode":false,"pivot":{"x":0.32495471835136416,"y":0.0,"z":0.38234812021255495},"rotation":{"x":-0.06603068858385086,"y":0.2035636305809021,"z":0.01376184169203043,"w":0.9767355918884277},"size":3.468137264251709,"orthographic":true}