{"cameraMode":{"drawMode":0,"name":"Shaded","section":"Shading Mode"},"sceneLighting":false,"audioPlay":false,"sceneViewState":{"showFog":true,"showMaterialUpdate":true,"showSkybox":false,"showFlares":true,"showImageEffects":true,"showParticleSystems":true},"in2DMode":false,"pivot":{"x":0.00026226043701171875,"y":0.5145640969276428,"z":0.07670080661773682},"rotation":{"x":-0.022084422409534456,"y":0.9777737259864807,"z":-0.13878768682479859,"w":-0.15559200942516328},"size":2.012519121170044,"orthographic":false}